Date,Epoch_Date,BTCUSD,Crude_Oil,Dow_Jones,ETH,EURUSD,Gold,NASDAQ_100,Silver,SP500,USD_Index
2023-07-24,1690171200,29176.92,78.74,35411.24,1850.0,1.11,1960.3,15448.02,24.44,4554.64,101.35
2023-07-25,1690257600,29227.39,79.63,35438.07,1857.74,1.11,1962.1,15561.42,24.68,4567.46,101.35
2023-07-26,1690344000,29354.97,78.78,35520.12,1872.16,1.11,1968.9,15499.26,24.83,4566.75,100.89
2023-07-27,1690430400,29210.69,80.09,35282.72,1860.36,1.11,1945.4,15464.93,24.24,4537.41,101.77
2023-07-28,1690516800,29319.25,80.58,35459.29,1874.74,1.1,1960.4,15750.93,24.37,4582.23,101.62
2023-07-29,1690603200,29356.92,80.58,35459.29,1881.07,1.1,1960.4,15750.93,24.37,4582.23,101.62
2023-07-30,1690689600,29275.31,80.58,35459.29,1861.64,1.1,1960.4,15750.93,24.37,4582.23,101.62
2023-07-31,1690776000,29230.11,81.8,35559.53,1856.16,1.1,1970.5,15757.0,24.85,4588.96,101.86
2023-08-01,1690862400,29675.73,81.37,35630.68,1871.79,1.1,1940.7,15718.01,24.21,4576.73,102.3
2023-08-02,1690948800,29151.96,79.49,35282.52,1839.09,1.1,1937.4,15370.74,23.75,4513.39,102.59
2023-08-03,1691035200,29178.68,81.55,35215.89,1835.14,1.09,1932.0,15353.54,23.59,4501.89,102.54
2023-08-04,1691121600,29074.09,82.82,35065.62,1827.71,1.1,1939.6,15274.92,23.62,4478.03,102.02
2023-08-05,1691208000,29042.13,82.82,35065.62,1834.99,1.1,1939.6,15274.92,23.62,4478.03,102.02
2023-08-06,1691294400,29041.86,82.82,35065.62,1827.46,1.1,1939.6,15274.92,23.62,4478.03,102.02
2023-08-07,1691380800,29180.58,81.94,35473.13,1826.94,1.1,1933.5,15407.85,23.14,4518.44,102.05
2023-08-08,1691467200,29765.49,82.92,35314.49,1855.81,1.1,1924.1,15273.05,22.72,4499.38,102.53
2023-08-09,1691553600,29561.49,84.4,35123.36,1854.3,1.1,1915.4,15101.71,22.65,4467.71,102.49
2023-08-10,1691640000,29429.59,82.82,35176.15,1850.75,1.1,1914.4,15128.84,22.75,4468.83,102.52
2023-08-11,1691726400,29397.71,83.19,35281.4,1847.12,1.1,1912.9,15028.07,22.67,4464.05,102.84
2023-08-12,1691812800,29415.96,83.19,35281.4,1848.89,1.1,1912.9,15028.07,22.67,4464.05,102.84
2023-08-13,1691899200,29282.91,83.19,35281.4,1839.28,1.1,1912.9,15028.07,22.67,4464.05,102.84
2023-08-14,1691985600,29408.44,82.51,35307.63,1844.19,1.09,1910.6,15205.59,22.64,4489.72,103.19
2023-08-15,1692072000,29170.35,80.99,34946.39,1826.93,1.09,1902.5,15037.65,22.59,4437.86,103.21
2023-08-16,1692158400,28701.78,79.38,34765.74,1805.66,1.09,1896.1,14876.47,22.48,4404.33,103.42
2023-08-17,1692244800,26664.55,80.39,34474.83,1684.93,1.09,1884.1,14715.81,22.67,4370.36,103.44
2023-08-18,1692331200,26049.56,81.25,34500.66,1660.95,1.09,1886.1,14694.84,22.69,4369.71,103.38
2023-08-19,1692417600,26096.21,81.25,34500.66,1669.47,1.09,1886.1,14694.84,22.69,4369.71,103.38
2023-08-20,1692504000,26189.58,81.25,34500.66,1684.85,1.09,1886.1,14694.84,22.69,4369.71,103.38
2023-08-21,1692590400,26124.14,80.72,34463.69,1667.27,1.09,1893.3,14936.69,23.3,4399.77,103.33
2023-08-22,1692676800,26031.66,80.35,34288.83,1633.89,1.09,1896.4,14908.96,23.42,4387.55,103.56
2023-08-23,1692763200,26431.64,78.89,34472.98,1679.27,1.08,1918.5,15148.06,24.36,4436.01,103.36
2023-08-24,1692849600,26162.37,79.05,34099.42,1659.94,1.09,1918.2,14816.44,24.21,4376.31,103.98
2023-08-25,1692936000,26047.67,79.83,34346.9,1652.94,1.08,1911.1,14941.83,24.22,4405.71,104.08
2023-08-26,1693022400,26008.46,79.83,34346.9,1646.31,1.08,1911.1,14941.83,24.22,4405.71,104.08
2023-08-27,1693108800,26089.69,79.83,34346.9,1657.51,1.08,1911.1,14941.83,24.22,4405.71,104.08
2023-08-28,1693195200,26106.15,80.1,34559.98,1652.46,1.08,1917.9,15052.46,24.24,4433.31,104.06
2023-08-29,1693281600,27727.39,81.16,34852.67,1729.73,1.08,1936.5,15376.55,24.78,4497.63,103.55
2023-08-30,1693368000,27297.27,81.63,34890.24,1705.11,1.09,1944.3,15462.43,24.73,4514.87,103.16
2023-08-31,1693454400,25931.47,83.63,34721.91,1645.64,1.09,1938.2,15501.07,24.47,4507.66,103.62
2023-09-01,1693540800,25800.72,85.55,34837.71,1628.49,1.08,1939.8,15490.86,24.23,4515.77,104.24
2023-09-02,1693627200,25868.8,85.55,34837.71,1637.03,1.08,1939.8,15490.86,24.23,4515.77,104.24
2023-09-03,1693713600,25969.57,85.55,34837.71,1636.12,1.08,1939.8,15490.86,24.23,4515.77,104.24
2023-09-04,1693800000,25812.42,85.55,34837.71,1629.66,1.08,1939.8,15490.86,24.23,4515.77,104.24
2023-09-05,1693886400,25779.98,86.69,34641.97,1633.63,1.08,1926.2,15508.24,23.56,4496.83,104.81
2023-09-06,1693972800,25753.24,87.54,34443.19,1632.25,1.07,1918.1,15371.44,23.21,4465.48,104.86
2023-09-07,1694059200,26240.2,86.87,34500.73,1647.6,1.07,1917.5,15258.52,22.95,4451.14,105.06
2023-09-08,1694145600,25905.65,87.51,34576.59,1636.14,1.07,1918.4,15280.23,22.89,4457.49,105.09
2023-09-09,1694232000,25895.68,87.51,34576.59,1635.16,1.07,1918.4,15280.23,22.89,4457.49,105.09
2023-09-10,1694318400,25832.23,87.51,34576.59,1616.83,1.07,1918.4,15280.23,22.89,4457.49,105.09
2023-09-11,1694404800,25162.65,87.29,34663.72,1551.64,1.07,1923.3,15461.87,23.1,4487.46,104.57
2023-09-12,1694491200,25833.34,88.84,34645.99,1592.43,1.08,1911.3,15289.74,23.13,4461.9,104.71
2023-09-13,1694577600,26228.32,88.52,34575.53,1607.99,1.08,1909.1,15348.53,22.91,4467.44,104.77
2023-09-14,1694664000,26539.67,90.16,34907.11,1626.97,1.07,1910.0,15473.89,22.75,4505.1,105.41
2023-09-15,1694750400,26608.69,90.77,34618.24,1641.64,1.06,1923.7,15202.4,23.13,4450.32,105.32
2023-09-16,1694836800,26568.28,90.77,34618.24,1635.22,1.06,1923.7,15202.4,23.13,4450.32,105.32
2023-09-17,1694923200,26534.19,90.77,34618.24,1622.9,1.06,1923.7,15202.4,23.13,4450.32,105.32
2023-09-18,1695009600,26754.28,91.48,34624.3,1637.35,1.07,1931.5,15225.37,23.23,4453.53,105.2
2023-09-19,1695096000,27211.12,91.2,34517.73,1643.54,1.07,1932.0,15191.23,23.19,4443.95,105.2
2023-09-20,1695182400,27132.01,90.28,34440.88,1622.89,1.07,1945.6,14969.92,23.58,4402.2,105.16
2023-09-21,1695268800,26567.63,89.63,34070.42,1584.31,1.07,1919.2,14694.24,23.44,4330.0,105.36
2023-09-22,1695355200,26579.57,90.03,33963.84,1593.27,1.07,1925.4,14701.1,23.6,4320.06,105.58
2023-09-23,1695441600,26579.39,90.03,33963.84,1593.86,1.07,1925.4,14701.1,23.6,4320.06,105.58
2023-09-24,1695528000,26256.83,90.03,33963.84,1580.85,1.07,1925.4,14701.1,23.6,4320.06,105.58
2023-09-25,1695614400,26298.48,89.68,34006.88,1588.32,1.06,1916.6,14768.9,23.15,4337.44,106.0
2023-09-26,1695700800,26217.25,90.39,33618.88,1593.42,1.06,1900.4,14545.83,22.95,4273.53,106.23
2023-09-27,1695787200,26352.72,93.68,33550.27,1597.49,1.06,1871.6,14580.16,22.48,4274.51,106.67
2023-09-28,1695873600,27021.55,91.71,33666.34,1652.88,1.05,1860.4,14702.77,22.51,4299.7,106.22
2023-09-29,1695960000,26911.72,90.79,33507.5,1667.94,1.06,1848.1,14715.24,22.24,4288.05,106.17
2023-09-30,1696046400,26967.92,90.79,33507.5,1671.16,1.06,1848.1,14715.24,22.24,4288.05,106.17
2023-10-01,1696132800,27983.75,90.79,33507.5,1733.81,1.06,1848.1,14715.24,22.24,4288.05,106.17
2023-10-02,1696219200,27530.79,88.82,33433.35,1663.63,1.06,1830.0,14837.57,21.22,4288.39,106.9
2023-10-03,1696305600,27429.98,89.23,33002.38,1656.69,1.05,1824.6,14565.62,21.18,4229.45,107.0
2023-10-04,1696392000,27799.39,84.22,33129.55,1647.84,1.05,1818.5,14776.25,20.96,4263.75,106.8
2023-10-05,1696478400,27415.91,82.31,33119.57,1611.48,1.05,1816.6,14723.22,20.85,4258.19,106.33
2023-10-06,1696564800,27946.6,82.79,33407.58,1645.83,1.05,1830.2,14973.24,21.54,4308.5,106.04
2023-10-07,1696651200,27968.84,82.79,33407.58,1634.51,1.05,1830.2,14973.24,21.54,4308.5,106.04
2023-10-08,1696737600,27935.09,82.79,33407.58,1633.55,1.05,1830.2,14973.24,21.54,4308.5,106.04
2023-10-09,1696824000,27583.68,86.38,33604.65,1579.81,1.06,1849.5,15047.15,21.74,4335.66,106.08
2023-10-10,1696910400,27391.02,85.97,33739.3,1567.71,1.06,1861.0,15131.52,21.78,4358.24,105.83
2023-10-11,1696996800,26873.32,83.49,33804.87,1566.25,1.06,1872.8,15241.12,21.96,4376.95,105.82
2023-10-12,1697083200,26756.8,82.91,33631.14,1539.61,1.06,1869.3,15184.1,21.79,4349.61,106.57
2023-10-13,1697169600,26862.38,87.69,33670.29,1552.09,1.05,1927.4,14995.12,22.73,4327.78,106.65
2023-10-14,1697256000,26861.71,87.69,33670.29,1555.26,1.05,1927.4,14995.12,22.73,4327.78,106.65
2023-10-15,1697342400,27159.65,87.69,33670.29,1558.07,1.05,1927.4,14995.12,22.73,4327.78,106.65
2023-10-16,1697428800,28519.47,86.66,33984.54,1600.53,1.05,1921.1,15172.73,22.61,4373.63,106.24
2023-10-17,1697515200,28415.75,86.66,33997.65,1565.44,1.06,1922.7,15122.01,22.86,4373.2,106.25
2023-10-18,1697601600,28328.34,88.32,33665.08,1563.75,1.06,1955.3,14909.26,22.94,4314.6,106.57
2023-10-19,1697688000,28719.81,89.37,33414.17,1567.46,1.05,1968.4,14783.13,22.89,4278.0,106.25
2023-10-20,1697774400,29682.95,88.75,33127.28,1604.67,1.06,1982.5,14560.88,23.35,4224.16,106.16
2023-10-21,1697860800,29918.41,88.75,33127.28,1629.3,1.06,1982.5,14560.88,23.35,4224.16,106.16
2023-10-22,1697947200,29993.9,88.75,33127.28,1663.43,1.06,1982.5,14560.88,23.35,4224.16,106.16
2023-10-23,1698033600,33086.23,85.49,32936.41,1765.38,1.06,1976.3,14604.85,23.07,4217.04,105.54
2023-10-24,1698120000,33901.53,83.74,33141.38,1784.44,1.07,1975.0,14745.86,22.98,4247.68,106.27
2023-10-25,1698206400,34502.82,85.39,33035.93,1787.4,1.06,1984.1,14381.64,22.88,4186.77,106.53
2023-10-26,1698292800,34156.65,83.21,32784.3,1804.04,1.06,1987.2,14109.57,22.79,4137.23,106.6
2023-10-27,1698379200,33909.8,85.54,32417.59,1780.05,1.06,1988.6,14180.42,22.77,4117.37,106.56
2023-10-28,1698465600,34089.57,85.54,32417.59,1776.62,1.06,1988.6,14180.42,22.77,4117.37,106.56
2023-10-29,1698552000,34538.48,85.54,32417.59,1795.55,1.06,1988.6,14180.42,22.77,4117.37,106.56
2023-10-30,1698638400,34502.36,82.31,32928.96,1810.09,1.06,1996.2,14335.51,23.28,4166.82,106.12
2023-10-31,1698724800,34667.78,81.02,33052.87,1816.46,1.06,1985.2,14409.78,22.84,4193.8,106.66
2023-11-01,1698811200,35437.25,80.44,33274.58,1847.09,1.06,1978.8,14664.91,22.68,4237.86,106.88
2023-11-02,1698897600,34938.24,82.46,33839.08,1800.62,1.06,1985.6,14919.55,22.75,4317.78,106.12
2023-11-03,1698984000,34732.32,80.51,34061.32,1832.8,1.06,1991.5,15099.49,23.2,4358.34,105.02
2023-11-04,1699070400,35082.2,80.51,34061.32,1857.7,1.06,1991.5,15099.49,23.2,4358.34,105.02
2023-11-05,1699156800,35049.36,80.51,34061.32,1894.16,1.06,1991.5,15099.49,23.2,4358.34,105.02
2023-11-06,1699246800,35037.37,80.82,34095.86,1899.84,1.07,1981.6,15154.93,23.15,4365.98,105.22
2023-11-07,1699333200,35443.56,77.37,34152.6,1888.12,1.07,1966.8,15296.02,22.51,4378.38,105.54
2023-11-08,1699419600,35655.28,75.33,34112.27,1889.32,1.07,1951.5,15313.24,22.65,4382.78,105.59
2023-11-09,1699506000,36693.12,75.74,33891.94,2120.56,1.07,1964.2,15187.9,22.83,4347.35,105.91
2023-11-10,1699592400,37313.97,77.17,34283.1,2078.29,1.07,1932.6,15529.12,22.22,4415.24,105.86
2023-11-11,1699678800,37138.05,77.17,34283.1,2052.71,1.07,1932.6,15529.12,22.22,4415.24,105.86
2023-11-12,1699765200,37054.52,77.17,34283.1,2045.19,1.07,1932.6,15529.12,22.22,4415.24,105.86
2023-11-13,1699851600,36502.36,78.26,34337.87,2055.27,1.07,1945.5,15482.79,22.3,4411.55,105.66
2023-11-14,1699938000,35537.64,78.26,34827.7,1979.05,1.07,1961.8,15812.47,23.08,4495.7,104.11
2023-11-15,1700024400,37880.58,76.66,34991.21,2060.41,1.09,1960.1,15817.18,23.49,4502.88,104.39
2023-11-16,1700110800,36154.77,72.9,34945.47,1960.88,1.09,1983.9,15833.17,23.89,4508.24,104.37
2023-11-17,1700197200,36596.68,75.89,34947.28,1961.28,1.09,1981.6,15837.99,23.81,4514.02,103.82
2023-11-18,1700283600,36585.7,75.89,34947.28,1963.29,1.09,1981.6,15837.99,23.81,4514.02,103.82
2023-11-19,1700370000,37386.55,75.89,34947.28,2013.2,1.09,1981.6,15837.99,23.81,4514.02,103.82
2023-11-20,1700456400,37476.96,77.6,35151.04,2022.24,1.09,1977.7,16027.06,23.58,4547.38,103.47
2023-11-21,1700542800,35813.81,77.77,35088.29,1937.07,1.09,1999.3,15933.62,23.84,4538.19,103.57
2023-11-22,1700629200,37432.34,77.1,35273.03,2064.43,1.09,1991.4,16001.39,23.67,4556.62,103.92
2023-11-23,1700715600,37289.62,76.35,35273.03,2062.21,1.09,1991.5,16001.39,23.67,4556.62,103.92
2023-11-24,1700802000,37720.28,75.54,35390.15,2081.15,1.09,2002.2,15982.01,24.33,4559.34,103.4
2023-11-25,1700888400,37796.79,75.54,35390.15,2084.41,1.09,2002.2,15982.01,24.33,4559.34,103.4
2023-11-26,1700974800,37479.12,75.54,35390.15,2063.29,1.09,2002.2,15982.01,24.33,4559.34,103.4
2023-11-27,1701061200,37254.17,74.86,35333.47,2027.42,1.09,2011.8,15961.98,24.67,4550.43,103.2
2023-11-28,1701147600,37831.09,76.41,35416.98,2049.34,1.1,2039.7,16010.43,24.93,4554.89,102.75
2023-11-29,1701234000,37858.49,77.86,35430.42,2029.93,1.1,2047.1,15987.6,25.07,4550.58,102.77
2023-11-30,1701320400,37712.75,75.96,35950.89,2052.56,1.1,2038.1,15947.87,25.29,4567.8,103.5
2023-12-01,1701406800,38688.75,74.07,36245.5,2087.14,1.09,2071.0,15997.58,25.5,4594.63,103.27
2023-12-02,1701493200,39476.33,74.07,36245.5,2165.7,1.09,2071.0,15997.58,25.5,4594.63,103.27
2023-12-03,1701579600,39978.39,74.07,36245.5,2193.69,1.09,2071.0,15997.58,25.5,4594.63,103.27
2023-12-04,1701666000,41980.1,73.04,36204.44,2243.22,1.09,2024.1,15839.67,24.56,4569.78,103.64
2023-12-05,1701752400,44080.65,72.32,36124.56,2293.84,1.08,2018.5,15877.71,24.2,4567.18,104.05
2023-12-06,1701838800,43746.45,69.38,36054.43,2231.66,1.08,2030.5,15788.05,23.89,4549.34,104.15
2023-12-07,1701925200,43292.66,69.34,36117.38,2357.58,1.08,2029.9,16022.49,23.73,4585.59,103.54
2023-12-08,1702011600,44166.6,71.23,36247.87,2358.73,1.08,1998.3,16084.69,22.97,4604.37,104.01
2023-12-09,1702098000,43725.98,71.23,36247.87,2341.18,1.08,1998.3,16084.69,22.97,4604.37,104.01
2023-12-10,1702184400,43779.7,71.23,36247.87,2352.46,1.08,1998.3,16084.69,22.97,4604.37,104.01
2023-12-11,1702270800,41243.83,71.32,36404.93,2224.58,1.08,1978.0,16221.73,22.77,4622.44,104.1
2023-12-12,1702357200,41450.22,68.61,36577.94,2202.04,1.08,1977.8,16354.25,22.73,4643.7,103.87
2023-12-13,1702443600,42890.74,69.47,37090.24,2260.65,1.08,1982.3,16562.37,22.64,4707.09,102.87
2023-12-14,1702530000,43023.97,71.58,37248.35,2316.58,1.09,2030.2,16537.83,24.1,4719.55,101.96
2023-12-15,1702616400,41929.76,71.43,37305.16,2219.34,1.1,2021.1,16623.45,23.87,4719.19,102.55
2023-12-16,1702702800,42240.12,71.43,37305.16,2226.93,1.1,2021.1,16623.45,23.87,4719.19,102.55
2023-12-17,1702789200,41364.66,71.43,37305.16,2196.48,1.1,2021.1,16623.45,23.87,4719.19,102.55
2023-12-18,1702875600,42623.54,72.47,37306.02,2217.27,1.09,2026.3,16729.8,23.83,4740.56,102.51
2023-12-19,1702962000,42270.53,73.44,37557.92,2177.87,1.09,2038.4,16811.85,24.04,4768.37,102.17
2023-12-20,1703048400,43652.25,74.22,37082.0,2201.91,1.1,2034.5,16554.16,24.35,4698.35,102.41
2023-12-21,1703134800,43869.15,73.89,37404.35,2239.54,1.09,2039.1,16757.41,24.31,4746.75,101.84
2023-12-22,1703221200,43997.9,73.56,37385.97,2326.52,1.1,2057.1,16777.4,24.29,4754.63,101.7
2023-12-23,1703307600,43739.54,73.56,37385.97,2309.05,1.1,2057.1,16777.4,24.29,4754.63,101.7
2023-12-24,1703394000,43016.12,73.56,37385.97,2265.69,1.1,2057.1,16777.4,24.29,4754.63,101.7
2023-12-25,1703480400,43613.14,73.56,37385.97,2272.56,1.1,2057.1,16777.4,24.29,4754.63,101.7
2023-12-26,1703566800,42520.4,75.57,37545.33,2231.47,1.1,2058.2,16878.46,24.14,4774.75,101.47
2023-12-27,1703653200,43442.86,74.11,37656.52,2378.74,1.1,2081.9,16906.8,24.38,4781.58,100.99
2023-12-28,1703739600,42627.86,71.77,37710.1,2347.57,1.11,2073.9,16898.47,24.13,4783.35,101.23
2023-12-29,1703826000,42099.4,71.65,37689.54,2300.69,1.11,2062.4,16825.93,23.85,4769.83,101.33
2023-12-30,1703912400,42156.9,71.65,37689.54,2292.07,1.11,2062.4,16825.93,23.85,4769.83,101.33
2023-12-31,1703998800,42265.19,71.65,37689.54,2281.47,1.11,2062.4,16825.93,23.85,4769.83,101.33
2024-01-01,1704085200,44167.33,71.65,37689.54,2352.33,1.11,2062.4,16825.93,23.85,4769.83,101.33
2024-01-02,1704171600,44957.97,70.38,37715.04,2355.84,1.1,2064.4,16543.94,23.73,4742.83,102.2
2024-01-03,1704258000,42848.18,72.7,37430.19,2210.76,1.09,2034.2,16368.49,22.95,4704.81,102.46
2024-01-04,1704344400,44179.92,72.19,37440.34,2269.04,1.09,2042.3,16282.01,22.99,4688.68,102.42
2024-01-05,1704430800,44162.69,73.81,37466.11,2268.65,1.09,2042.4,16305.98,23.12,4697.24,102.41
2024-01-06,1704517200,43989.2,73.81,37466.11,2241.62,1.09,2042.4,16305.98,23.12,4697.24,102.41
2024-01-07,1704603600,43943.1,73.81,37466.11,2222.87,1.09,2042.4,16305.98,23.12,4697.24,102.41
2024-01-08,1704690000,46970.5,70.77,37683.01,2333.03,1.09,2026.6,16649.87,23.12,4763.54,102.21
2024-01-09,1704776400,46139.73,72.24,37525.16,2344.83,1.1,2026.4,16678.7,22.9,4756.5,102.57
2024-01-10,1704862800,46627.78,71.37,37695.73,2582.1,1.09,2021.7,16793.05,22.88,4783.45,102.36
2024-01-11,1704949200,46368.59,72.02,37711.02,2619.62,1.1,2014.3,16820.9,22.54,4780.24,102.29
2024-01-12,1705035600,42853.17,72.68,37592.98,2524.46,1.1,2046.7,16832.92,23.16,4783.83,102.4
2024-01-13,1705122000,42842.38,72.68,37592.98,2576.6,1.1,2046.7,16832.92,23.16,4783.83,102.4
2024-01-14,1705208400,41796.27,72.68,37592.98,2472.24,1.1,2046.7,16832.92,23.16,4783.83,102.4
2024-01-15,1705294800,42511.97,72.68,37592.98,2511.36,1.09,2046.7,16832.92,23.16,4783.83,102.4
2024-01-16,1705381200,43154.95,72.4,37361.12,2587.69,1.09,2026.0,16830.71,22.93,4765.98,103.36
2024-01-17,1705467600,42742.65,72.56,37266.67,2528.37,1.09,2002.6,16736.28,22.52,4739.21,103.45
2024-01-18,1705554000,41262.06,74.08,37468.61,2467.02,1.09,2018.6,16982.29,22.67,4780.94,103.54
2024-01-19,1705640400,41618.41,73.41,37863.8,2489.5,1.09,2026.5,17314.0,22.57,4839.81,103.29
2024-01-20,1705726800,41665.59,73.41,37863.8,2469.59,1.09,2026.5,17314.0,22.57,4839.81,103.29
2024-01-21,1705813200,41545.79,73.41,37863.8,2453.91,1.09,2026.5,17314.0,22.57,4839.81,103.29
2024-01-22,1705899600,39507.37,75.19,38001.81,2310.83,1.09,2019.8,17330.38,22.16,4850.43,103.33
2024-01-23,1705986000,39845.55,74.37,37905.45,2240.69,1.09,2023.7,17404.21,22.33,4864.6,103.62
2024-01-24,1706072400,40077.07,75.09,37806.39,2233.56,1.09,2013.9,17499.3,22.75,4868.55,103.24
2024-01-25,1706158800,39933.81,77.36,38049.13,2217.71,1.09,2016.9,17516.99,22.81,4894.16,103.57
2024-01-26,1706245200,41816.87,78.01,38109.43,2267.2,1.08,2016.8,17421.01,22.75,4890.97,103.47
2024-01-27,1706331600,42120.05,78.01,38109.43,2267.89,1.08,2016.8,17421.01,22.75,4890.97,103.47
2024-01-28,1706418000,42035.59,78.01,38109.43,2257.21,1.08,2016.8,17421.01,22.75,4890.97,103.47
2024-01-29,1706504400,43288.25,76.78,38333.45,2317.06,1.08,2025.2,17596.27,23.14,4927.93,103.61
2024-01-30,1706590800,42952.61,77.82,38467.31,2344.49,1.08,2031.5,17476.71,23.11,4924.97,103.4
2024-01-31,1706677200,42582.61,75.85,38150.3,2282.54,1.08,2048.4,17137.24,23.05,4845.65,103.27
2024-02-01,1706763600,43075.77,73.82,38519.84,2303.82,1.08,2053.0,17344.71,23.13,4906.19,103.05
2024-02-02,1706850000,43185.86,72.28,38654.42,2308.04,1.09,2036.1,17642.73,22.7,4958.61,103.92
2024-02-03,1706936400,42992.25,72.28,38654.42,2296.04,1.09,2036.1,17642.73,22.7,4958.61,103.92
2024-02-04,1707022800,42583.58,72.28,38654.42,2289.55,1.09,2036.1,17642.73,22.7,4958.61,103.92
2024-02-05,1707109200,42658.67,72.78,38380.12,2298.89,1.08,2025.7,17613.04,22.33,4942.81,104.45
2024-02-06,1707195600,43084.67,73.31,38521.36,2372.2,1.07,2034.5,17572.73,22.39,4954.23,104.18
2024-02-07,1707282000,44318.22,73.86,38677.36,2423.75,1.08,2035.2,17755.07,22.28,4995.06,104.04
2024-02-08,1707368400,45301.57,76.22,38726.33,2419.91,1.08,2032.2,17783.17,22.57,4997.91,104.15
2024-02-09,1707454800,47147.2,76.84,38671.69,2487.52,1.08,2023.3,17962.41,22.53,5026.61,104.08
2024-02-10,1707541200,47771.28,76.84,38671.69,2501.23,1.08,2023.3,17962.41,22.53,5026.61,104.08
2024-02-11,1707627600,48293.92,76.84,38671.69,2507.57,1.08,2023.3,17962.41,22.53,5026.61,104.08
2024-02-12,1707714000,49958.22,76.92,38797.38,2658.12,1.08,2018.2,17882.66,22.71,5021.84,104.17
2024-02-13,1707800400,49742.44,77.87,38272.75,2642.19,1.08,1992.9,17600.42,22.1,4953.17,104.96
2024-02-14,1707886800,51826.7,76.64,38424.27,2777.9,1.07,1990.3,17807.63,22.33,5000.62,104.72
2024-02-15,1707973200,51938.55,78.03,38773.12,2824.38,1.07,2002.1,17845.72,22.91,5029.73,104.3
2024-02-16,1708059600,52160.2,79.19,38627.99,2803.69,1.08,2011.5,17685.98,23.44,5005.57,104.3
2024-02-17,1708146000,51663.0,79.19,38627.99,2786.67,1.08,2011.5,17685.98,23.44,5005.57,104.3
2024-02-18,1708232400,52122.55,79.19,38627.99,2879.0,1.08,2011.5,17685.98,23.44,5005.57,104.3
2024-02-19,1708318800,51779.14,79.19,38627.99,2943.57,1.08,2011.5,17685.98,23.44,5005.57,104.3
2024-02-20,1708405200,52284.88,78.18,38563.8,3013.5,1.08,2027.5,17546.1,23.11,4975.51,104.08
2024-02-21,1708491600,51839.18,77.91,38612.24,2970.36,1.08,2022.3,17478.91,22.85,4981.8,104.01
2024-02-22,1708578000,51304.97,78.61,39069.11,2971.01,1.08,2019.7,18004.7,22.76,5087.03,103.96
2024-02-23,1708664400,50731.95,76.49,39131.53,2921.66,1.08,2038.6,17937.61,22.97,5088.8,103.94
2024-02-24,1708750800,51571.1,76.49,39131.53,2992.39,1.08,2038.6,17937.61,22.97,5088.8,103.94
2024-02-25,1708837200,51733.24,76.49,39131.53,3112.7,1.08,2038.6,17937.61,22.97,5088.8,103.94
2024-02-26,1708923600,54522.4,77.58,39069.23,3178.99,1.08,2028.5,17933.33,22.52,5069.53,103.83
2024-02-27,1709010000,57085.37,78.87,38972.41,3244.52,1.09,2034.0,17971.05,22.52,5078.18,103.83
2024-02-28,1709096400,62504.79,78.54,38949.02,3385.7,1.08,2033.0,17874.5,22.41,5069.76,103.98
2024-02-29,1709182800,61198.38,78.26,38996.39,3341.92,1.08,2045.7,18043.85,22.67,5096.27,104.16
2024-03-01,1709269200,62440.63,79.97,39087.38,3435.05,1.08,2086.9,18302.91,23.15,5137.08,103.86
2024-03-02,1709355600,62029.85,79.97,39087.38,3422.05,1.08,2086.9,18302.91,23.15,5137.08,103.86
2024-03-03,1709442000,63167.37,79.97,39087.38,3490.99,1.08,2086.9,18302.91,23.15,5137.08,103.86
2024-03-04,1709528400,68330.41,78.74,38989.83,3630.43,1.08,2117.7,18226.48,23.78,5130.95,103.83
2024-03-05,1709614800,63801.2,78.15,38585.19,3554.96,1.09,2133.5,17897.87,23.76,5078.65,103.8
2024-03-06,1709701200,66106.8,79.13,38661.05,3819.23,1.09,2150.3,18017.57,24.27,5104.76,103.37
2024-03-07,1709787600,66925.48,78.93,38791.35,3874.35,1.09,2158.0,18297.99,24.37,5157.36,102.82
2024-03-08,1709874000,68300.09,78.01,38722.69,3892.06,1.1,2178.6,18018.45,24.34,5123.69,102.74
2024-03-09,1709960400,68498.88,78.01,38722.69,3915.42,1.1,2178.6,18018.45,24.34,5123.69,102.74
2024-03-10,1710046800,69019.79,78.01,38722.69,3881.19,1.1,2178.6,18018.45,24.34,5123.69,102.74
2024-03-11,1710129600,72123.91,77.93,38769.66,4066.45,1.09,2182.5,17951.69,24.51,5117.94,102.87
2024-03-12,1710216000,71481.29,77.56,39005.49,3980.27,1.09,2160.4,18219.11,24.19,5175.27,102.96
2024-03-13,1710302400,73083.5,79.72,39043.32,4006.46,1.09,2175.4,18068.47,24.96,5165.31,102.79
2024-03-14,1710388800,71396.59,81.26,38905.66,3883.14,1.1,2163.0,18014.81,24.87,5150.48,103.36
2024-03-15,1710475200,69403.77,81.04,38714.77,3735.22,1.09,2157.3,17808.25,25.2,5117.09,103.43
2024-03-16,1710561600,65315.12,81.04,38714.77,3522.86,1.09,2157.3,17808.25,25.2,5117.09,103.43
2024-03-17,1710648000,68390.62,81.04,38714.77,3642.41,1.09,2157.3,17808.25,25.2,5117.09,103.43
2024-03-18,1710734400,67548.59,82.72,38790.43,3517.99,1.09,2160.7,17985.01,25.09,5149.42,103.58
2024-03-19,1710820800,61912.77,83.47,39110.76,3157.62,1.09,2156.3,18032.2,24.96,5178.51,103.81
2024-03-20,1710907200,67913.67,81.68,39512.13,3513.39,1.09,2157.9,18240.11,24.93,5224.62,103.41
2024-03-21,1710993600,65491.39,81.07,39781.37,3492.99,1.09,2182.4,18320.38,24.85,5241.53,104.0
2024-03-22,1711080000,63778.76,80.63,39475.9,3333.69,1.09,2158.1,18339.44,24.69,5234.18,104.43
2024-03-23,1711166400,64062.2,80.63,39475.9,3336.59,1.09,2158.1,18339.44,24.69,5234.18,104.43
2024-03-24,1711252800,67234.17,80.63,39475.9,3454.64,1.09,2158.1,18339.44,24.69,5234.18,104.43
2024-03-25,1711339200,69958.81,81.95,39313.64,3590.88,1.08,2174.8,18277.06,24.75,5218.19,104.23
2024-03-26,1711425600,69987.84,81.62,39282.33,3587.5,1.08,2175.6,18210.54,24.48,5203.58,104.29
2024-03-27,1711512000,69455.34,81.35,39760.08,3500.12,1.08,2190.6,18280.84,24.62,5248.49,104.35
2024-03-28,1711598400,70744.95,83.17,39807.37,3561.29,1.08,2217.4,18254.69,24.8,5254.35,104.55
2024-03-29,1711684800,69892.83,83.17,39807.37,3511.81,1.08,2217.4,18254.69,24.8,5254.35,104.55
2024-03-30,1711771200,69645.3,83.17,39807.37,3507.94,1.08,2217.4,18254.69,24.8,5254.35,104.55
2024-03-31,1711857600,71333.65,83.17,39807.37,3647.86,1.08,2217.4,18254.69,24.8,5254.35,104.55
2024-04-01,1711944000,69702.15,83.71,39566.85,3505.03,1.08,2236.5,18293.2,24.95,5243.77,105.02
2024-04-02,1712030400,65446.97,85.15,39170.24,3277.23,1.07,2261.0,18121.78,25.8,5205.81,104.82
2024-04-03,1712116800,65980.81,85.43,39127.14,3311.44,1.08,2294.4,18160.19,26.94,5211.49,104.25
2024-04-04,1712203200,68508.84,86.59,38596.98,3330.04,1.08,2288.8,17878.78,27.14,5147.21,104.12
2024-04-05,1712289600,67837.64,86.91,38904.04,3318.89,1.08,2325.7,18108.46,27.4,5204.34,104.3
2024-04-06,1712376000,68896.11,86.91,38904.04,3354.18,1.08,2325.7,18108.46,27.4,5204.34,104.3
2024-04-07,1712462400,69362.55,86.91,38904.04,3453.49,1.08,2325.7,18108.46,27.4,5204.34,104.3
2024-04-08,1712548800,71631.36,86.43,38892.8,3695.29,1.08,2331.7,18100.19,27.71,5202.39,104.14
2024-04-09,1712635200,69139.02,85.23,38883.67,3505.16,1.09,2343.5,18169.9,27.89,5209.91,104.15
2024-04-10,1712721600,70587.88,86.21,38461.51,3543.74,1.09,2329.6,18011.66,27.96,5160.64,105.25
2024-04-11,1712808000,70060.61,85.02,38459.08,3505.25,1.07,2354.8,18307.98,28.18,5199.06,105.28
2024-04-12,1712894400,67195.87,85.66,37983.24,3243.03,1.07,2356.2,18003.49,28.25,5123.41,106.04
2024-04-13,1712980800,63821.47,85.66,37983.24,3004.9,1.07,2356.2,18003.49,28.25,5123.41,106.04
2024-04-14,1713067200,65738.73,85.66,37983.24,3156.94,1.07,2356.2,18003.49,28.25,5123.41,106.04
2024-04-15,1713153600,63426.21,85.41,37735.11,3101.6,1.06,2365.8,17706.83,28.65,5061.82,106.21
2024-04-16,1713240000,63811.86,85.36,37798.97,3084.92,1.06,2390.8,17713.66,28.32,5051.41,106.26
2024-04-17,1713326400,61276.69,82.69,37753.31,2984.73,1.06,2371.7,17493.62,28.35,5022.21,105.95
2024-04-18,1713412800,63512.75,82.73,37775.38,3066.03,1.07,2382.3,17394.31,28.33,5011.12,106.15
2024-04-19,1713499200,63843.57,83.14,37986.4,3059.28,1.06,2398.4,17037.65,28.81,4967.23,106.15
2024-04-20,1713585600,64994.44,83.14,37986.4,3157.63,1.06,2398.4,17037.65,28.81,4967.23,106.15
2024-04-21,1713672000,64926.64,83.14,37986.4,3147.29,1.06,2398.4,17037.65,28.81,4967.23,106.15
2024-04-22,1713758400,66837.68,82.85,38239.98,3201.65,1.07,2332.2,17210.89,27.21,5010.6,106.08
2024-04-23,1713844800,66407.27,83.36,38503.69,3219.91,1.07,2327.7,17471.47,27.33,5070.55,105.69
2024-04-24,1713931200,64276.9,82.81,38460.92,3139.81,1.07,2324.5,17526.8,27.32,5071.63,105.86
2024-04-25,1714017600,64481.71,83.57,38085.8,3156.51,1.07,2329.8,17430.5,27.34,5048.42,105.6
2024-04-26,1714104000,63755.32,83.85,38239.66,3130.16,1.07,2334.8,17718.3,27.24,5099.96,105.94
2024-04-27,1714190400,63419.14,83.85,38239.66,3252.17,1.07,2334.8,17718.3,27.24,5099.96,105.94
2024-04-28,1714276800,63113.23,83.85,38239.66,3262.77,1.07,2334.8,17718.3,27.24,5099.96,105.94
2024-04-29,1714363200,63841.12,82.63,38386.09,3215.43,1.07,2345.4,17782.72,27.37,5116.17,105.58
2024-04-30,1714449600,60636.86,81.93,37815.92,3012.29,1.07,2291.4,17440.69,26.39,5035.69,106.22
2024-05-01,1714536000,58254.01,79.0,37903.29,2969.78,1.07,2299.9,17318.55,26.49,5018.39,105.76
2024-05-02,1714622400,59123.43,78.95,38225.66,2988.17,1.07,2299.2,17541.54,26.58,5064.2,105.3
2024-05-03,1714708800,62889.84,78.11,38675.68,3103.54,1.07,2299.0,17890.8,26.44,5127.79,105.03
2024-05-04,1714795200,63891.47,78.11,38675.68,3117.58,1.07,2299.0,17890.8,26.44,5127.79,105.03
2024-05-05,1714881600,64031.13,78.11,38675.68,3137.25,1.07,2299.0,17890.8,26.44,5127.79,105.03
2024-05-06,1714968000,63161.95,78.48,38852.27,3062.73,1.08,2321.6,18093.57,27.37,5180.74,105.05
2024-05-07,1715054400,62334.82,78.38,38884.26,3006.58,1.08,2315.2,18091.45,27.3,5187.7,105.41
2024-05-08,1715140800,61187.94,78.99,39056.39,2973.66,1.08,2313.6,18085.01,27.36,5187.67,105.55
2024-05-09,1715227200,63049.96,79.26,39387.76,3036.02,1.07,2332.1,18113.46,28.13,5214.08,105.23
2024-05-10,1715313600,60792.78,78.26,39512.84,2909.79,1.08,2367.3,18161.18,28.27,5222.68,105.31
2024-05-11,1715400000,60793.71,78.26,39512.84,2911.6,1.08,2367.3,18161.18,28.27,5222.68,105.31
2024-05-12,1715486400,61448.39,78.26,39512.84,2928.7,1.08,2367.3,18161.18,28.27,5222.68,105.31
2024-05-13,1715572800,62901.45,79.12,39431.51,2949.36,1.08,2336.1,18198.61,28.22,5221.42,105.22
2024-05-14,1715659200,61552.79,78.02,39558.11,2881.16,1.08,2353.4,18322.77,28.49,5246.68,105.01
2024-05-15,1715745600,66267.49,78.63,39908.0,3037.06,1.08,2388.7,18596.65,29.51,5308.15,104.35
2024-05-16,1715832000,65231.58,79.23,39869.38,2945.13,1.09,2380.0,18557.96,29.67,5297.1,104.46
2024-05-17,1715918400,67051.88,80.06,40003.59,3094.12,1.09,2412.2,18546.23,31.05,5303.27,104.45
2024-05-18,1716004800,66940.8,80.06,40003.59,3122.95,1.09,2412.2,18546.23,31.05,5303.27,104.45
2024-05-19,1716091200,66278.37,80.06,40003.59,3071.84,1.09,2412.2,18546.23,31.05,5303.27,104.45
2024-05-20,1716177600,71448.2,79.8,39806.77,3663.86,1.09,2433.9,18674.19,32.21,5308.13,104.57
2024-05-21,1716264000,70136.53,79.26,39872.99,3789.31,1.09,2421.7,18713.8,31.87,5321.41,104.66
2024-05-22,1716350400,69122.34,77.57,39671.04,3737.22,1.09,2389.2,18705.2,31.3,5307.01,104.94
2024-05-23,1716436800,67929.56,76.87,39065.26,3776.93,1.08,2335.0,18623.39,30.28,5267.84,105.11
2024-05-24,1716523200,68526.1,77.72,39069.59,3726.93,1.08,2332.5,18808.35,30.33,5304.72,104.72
2024-05-25,1716609600,69265.95,77.72,39069.59,3749.24,1.08,2332.5,18808.35,30.33,5304.72,104.72
2024-05-26,1716696000,68518.09,77.72,39069.59,3825.9,1.08,2332.5,18808.35,30.33,5304.72,104.72
2024-05-27,1716782400,69394.55,77.72,39069.59,3892.01,1.08,2332.5,18808.35,30.33,5304.72,104.72
2024-05-28,1716868800,68296.22,79.83,38852.86,3840.26,1.09,2355.2,18869.44,31.97,5306.04,104.61
2024-05-29,1716955200,67578.09,79.23,38441.54,3763.2,1.09,2340.3,18736.75,32.2,5266.95,105.1
2024-05-30,1717041600,68364.99,77.91,38111.48,3746.85,1.08,2342.9,18538.66,31.39,5235.48,104.72
2024-05-31,1717128000,67491.41,76.99,38686.32,3760.03,1.08,2322.9,18536.65,30.3,5277.51,104.67
2024-06-01,1717214400,67706.94,76.99,38686.32,3813.2,1.08,2322.9,18536.65,30.3,5277.51,104.67
2024-06-02,1717300800,67751.6,76.99,38686.32,3780.9,1.08,2322.9,18536.65,30.3,5277.51,104.67
2024-06-03,1717387200,68804.78,74.22,38571.03,3766.39,1.09,2346.6,18600.97,30.64,5283.4,104.14
2024-06-04,1717473600,70567.77,73.25,38711.29,3812.52,1.09,2325.5,18654.84,29.49,5291.34,104.11
2024-06-05,1717560000,71082.82,74.07,38807.33,3864.26,1.09,2354.1,19035.05,29.95,5354.03,104.27
2024-06-06,1717646400,70757.16,75.55,38886.17,3811.61,1.09,2370.3,19021.19,31.25,5352.96,104.1
2024-06-07,1717732800,69342.59,75.53,38798.99,3678.63,1.09,2305.2,19000.95,29.33,5346.99,104.89
2024-06-08,1717819200,69305.77,75.53,38798.99,3680.95,1.09,2305.2,19000.95,29.33,5346.99,104.89
2024-06-09,1717905600,69647.99,75.53,38798.99,3705.9,1.09,2305.2,19000.95,29.33,5346.99,104.89
2024-06-10,1717992000,69512.28,77.74,38868.04,3666.72,1.08,2307.7,19074.67,29.77,5360.79,105.15
2024-06-11,1718078400,67332.03,77.9,38747.42,3498.33,1.08,2307.5,19210.18,29.13,5375.32,105.23
2024-06-12,1718164800,68241.19,78.5,38712.21,3559.62,1.07,2336.0,19465.18,30.18,5421.03,104.65
2024-06-13,1718251200,66756.4,78.62,38647.1,3469.28,1.08,2300.2,19576.92,28.99,5433.74,105.2
2024-06-14,1718337600,66011.09,78.45,38589.16,3480.27,1.07,2331.4,19659.8,29.4,5431.6,105.55
2024-06-15,1718424000,66191.0,78.45,38589.16,3565.55,1.07,2331.4,19659.8,29.4,5431.6,105.55
2024-06-16,1718510400,66639.05,78.45,38589.16,3620.56,1.07,2331.4,19659.8,29.4,5431.6,105.55
2024-06-17,1718596800,66490.3,80.33,38778.1,3511.38,1.07,2312.4,19902.75,29.33,5473.23,105.32
2024-06-18,1718683200,65140.75,81.57,38834.86,3483.68,1.07,2330.4,19908.86,29.5,5487.03,105.26
2024-06-19,1718769600,64960.3,81.57,38834.86,3559.35,1.07,2330.4,19908.86,29.5,5487.03,105.26
2024-06-20,1718856000,64828.66,82.17,39134.76,3511.09,1.08,2353.8,19752.3,30.78,5473.17,105.59
2024-06-21,1718942400,64096.2,80.73,39150.33,3516.08,1.07,2316.4,19700.43,29.57,5464.62,105.8
2024-06-22,1719028800,64252.58,80.73,39150.33,3494.81,1.07,2316.4,19700.43,29.57,5464.62,105.8
2024-06-23,1719115200,63180.8,80.73,39150.33,3418.61,1.07,2316.4,19700.43,29.57,5464.62,105.8
2024-06-24,1719201600,60277.41,81.63,39411.21,3350.26,1.07,2330.0,19474.62,29.49,5447.87,105.47
2024-06-25,1719288000,61804.64,80.83,39112.16,3395.03,1.07,2316.6,19701.13,28.84,5469.3,105.61
2024-06-26,1719374400,60811.28,80.9,39127.8,3369.48,1.07,2299.2,19751.05,28.91,5477.9,106.05
2024-06-27,1719460800,61604.8,81.74,39164.06,3444.8,1.07,2324.5,19789.03,28.92,5482.87,105.91
2024-06-28,1719547200,60320.14,81.54,39118.86,3373.64,1.07,2327.7,19682.87,29.24,5460.48,105.87
2024-06-29,1719633600,60887.38,81.54,39118.86,3372.97,1.07,2327.7,19682.87,29.24,5460.48,105.87
2024-06-30,1719720000,62678.29,81.54,39118.86,3432.89,1.07,2327.7,19682.87,29.24,5460.48,105.87
2024-07-01,1719806400,62851.98,83.38,39169.52,3440.34,1.07,2327.6,19812.22,29.3,5475.09,105.9
2024-07-02,1719892800,62029.02,82.81,39331.85,3416.35,1.07,2323.0,20011.89,29.35,5509.01,105.72
2024-07-03,1719979200,60173.92,83.88,39308.0,3292.92,1.07,2359.8,20186.63,30.55,5537.02,105.4
2024-07-04,1720065600,56977.7,83.88,39308.0,3054.52,1.08,2359.8,20186.63,30.55,5537.02,105.4
2024-07-05,1720152000,56662.38,83.16,39375.87,2981.6,1.08,2388.5,20391.97,31.39,5567.19,104.88
2024-07-06,1720238400,58303.54,83.16,39375.87,3069.38,1.08,2388.5,20391.97,31.39,5567.19,104.88
2024-07-07,1720324800,55849.11,83.16,39375.87,2929.39,1.08,2388.5,20391.97,31.39,5567.19,104.88
2024-07-08,1720411200,56705.1,82.33,39344.79,3018.73,1.08,2355.2,20439.54,30.62,5572.85,105.01
2024-07-09,1720497600,58009.23,81.41,39291.97,3064.03,1.08,2360.1,20453.02,30.77,5576.98,105.13
2024-07-10,1720584000,57742.5,82.1,39721.36,3102.22,1.08,2372.2,20675.38,30.73,5633.91,105.05
2024-07-11,1720670400,57344.91,82.62,39753.75,3100.33,1.08,2415.0,20211.36,31.39,5584.54,104.44
2024-07-12,1720756800,57899.46,82.21,40000.9,3134.16,1.09,2414.0,20331.49,30.89,5615.35,104.09
2024-07-13,1720843200,59231.95,82.21,40000.9,3177.2,1.09,2414.0,20331.49,30.89,5615.35,104.09
2024-07-14,1720929600,60787.79,82.21,40000.9,3244.08,1.09,2414.0,20331.49,30.89,5615.35,104.09
2024-07-15,1721016000,64870.15,81.91,40211.72,3489.55,1.09,2422.9,20386.88,30.67,5631.22,104.19
2024-07-16,1721102400,65097.15,80.76,40954.48,3443.51,1.09,2462.4,20398.62,31.19,5667.2,104.27
2024-07-17,1721188800,64118.79,82.85,41198.08,3388.75,1.09,2454.8,19799.14,30.14,5588.27,103.75
2024-07-18,1721275200,63974.07,82.82,40665.02,3426.26,1.09,2451.8,19705.09,30.0,5544.59,104.17
2024-07-19,1721361600,66710.16,80.13,40287.53,3505.73,1.09,2395.5,19522.62,29.09,5505.0,104.4
2024-07-20,1721448000,67163.65,80.13,40287.53,3519.3,1.09,2395.5,19522.62,29.09,5505.0,104.4
